지점,date,average_temperature,temperature_difference,image,x1,x2,label,tags,cluster
108,2022-05-16,17.3,12.8,//image.msscdn.net/mfile_s01/_street_images/81594/street_img_view262a60a16ee8ce.jpg?,-0.0321482486404595,0.6016954592217333,2,"['미니스커트', '블랙', '하의', '검정색', '데님']",2
108,2022-05-24,22.9,13.5,//image.msscdn.net/mfile_s01/_street_images/81884/280.street_img_view262a603a47c366.jpg?,-0.1391017200047616,0.537221166572378,2,"['스커트', '자카드', '하의', '기타패턴']",2
108,2022-05-25,21.0,10.0,//image.msscdn.net/mfile_s01/_street_images/81895/280.street_img_view262a60361e4e4d.jpg?,-0.4332220807255331,0.6298417028161424,4,"['데님', '롱스커트', '하의', '데님']",8
108,2022-05-26,18.7,9.4,//image.msscdn.net/mfile_s01/_street_images/81945/280.street_img_view2628ed947c2cfd.jpg?,0.1336496295998569,0.3574341210575348,2,"['미니스커트', '베이지', '하의', '베이지색']",8
108,2022-05-30,20.8,7.5,//image.msscdn.net/mfile_s01/_street_images/81998/280.street_img_view162a5fe08d8ba6.jpg?,-0.2786472958268052,0.1537336742410719,4,"['원피스', '스웨이드', '하의', '검정색', '보라색']",7
108,2022-05-30,20.8,7.5,//image.msscdn.net/mfile_s01/_street_images/81997/280.street_img_view162a601eacef7c.jpg?,-0.0628049932295906,0.4220401250737578,2,"['원피스', '체크', '하의', '체크']",7
108,2022-06-02,21.5,9.799999999999995,//image.msscdn.net/mfile_s01/_street_images/82097/280.street_img_view2629eb5d51416a.jpg?,-0.0839697760024732,0.3594105779727745,2,"['미니스커트', '카키', '하의', '녹색']",8
108,2022-06-07,20.6,10.000000000000002,//image.msscdn.net/mfile_s01/_street_images/82155/280.street_img_view162a16578b78dc.jpg?,-0.4234244535057803,0.1420705252616129,4,"['원피스', '타이다이', '여성', '하의', '흰색', '검정색', '기타패턴']",8
108,2022-06-09,20.9,6.0,//image.msscdn.net/mfile_s01/_street_images/82245/280.street_img_view262a3067b066c0.jpg?20220609091941,0.1336496295998569,0.3574341210575348,2,"['미니스커트', '베이지', '하의', '베이지색']",7
108,2022-06-14,21.5,9.400000000000002,//image.msscdn.net/mfile_s01/_street_images/82350/280.street_img_view262b27d6a0b28d.jpg?,-0.1175320287457045,0.4238264694138355,2,"['롱스커트', '블랙', '하의', '검정색']",8
108,2022-06-14,21.5,9.400000000000002,//image.msscdn.net/mfile_s01/_street_images/82372/280.street_img_view262afd92537cec.jpg?20220620112115,-0.0635667449249007,0.8428286736302626,2,"['데님', '스커트', '하의', '데님']",8
108,2022-06-14,21.5,9.400000000000002,//image.msscdn.net/mfile_s01/_street_images/82370/280.street_img_view262afdaf51f78f.jpg?,0.3891875406922392,0.44323054286572,2,"['레더', '스커트', '하의', '검정색']",8
108,2022-06-16,20.3,7.199999999999999,//image.msscdn.net/mfile_s01/_street_images/82405/280.street_img_view262afc74ec3c81.jpg?,-0.0321482398116002,0.6016954575468265,2,"['미니스커트', '데님', '블랙', '하의', '검정색']",7
108,2022-06-20,25.2,7.0,//image.msscdn.net/mfile_s01/_street_images/82453/280.street_img_view262b138df11ad0.jpg?,-0.0635667449249007,0.8428286736302626,2,"['데님', '스커트', '하의', '데님']",0
108,2022-06-22,25.9,9.1,//image.msscdn.net/mfile_s01/_street_images/82567/280.street_img_view262b4012a8cd72.jpg?,0.1784437585321824,0.3055585146354136,2,"['미니스커트', '그레이', '하의', '회색']",8
108,2022-06-22,25.9,9.1,//image.msscdn.net/mfile_s01/_street_images/82562/280.street_img_view262b401bb7c534.jpg?,0.050606324638029,0.5284757998541887,2,"['미니스커트', '블랙', '하의', '검정색']",8
108,2022-06-22,25.9,9.1,//image.msscdn.net/mfile_s01/_street_images/82583/280.street_img_view262b26c953428b.jpg?20220622101402,-0.1175229395596645,0.2543270226572672,4,"['스커트', '화이트', '하의', '흰색']",8
108,2022-06-22,25.9,9.1,//image.msscdn.net/mfile_s01/_street_images/82580/280.street_img_view262b27ad7baf19.jpg?,0.050606324638029,0.5284757998541887,2,"['미니스커트', '블랙', '하의', '검정색']",8
108,2022-06-28,26.9,2.1999999999999997,//image.msscdn.net/mfile_s01/_street_images/82727/280.street_img_view262baad364a40d.jpg?20220628091753,0.187474243044074,0.6488125916041185,2,"['하의', '체크']",3
108,2022-07-04,29.3,6.200000000000003,//image.msscdn.net/mfile_s01/_street_images/82889/280.street_img_view262cc8961b0bcb.jpg?20220704091957,0.0615739110627923,0.6962392640418479,2,"['블랙', '데님', '스커트', '미니', '하의', '검정색', '데님']",0
108,2022-07-04,29.3,6.200000000000003,//image.msscdn.net/mfile_s01/_street_images/82870/280.street_img_view262c27660b6452.jpg?,-0.5085326326819262,0.3852014938446106,4,"['연청', '디스트로이드', '여성', '하의', '데님']",0
108,2022-07-05,29.2,6.400000000000002,//image.msscdn.net/mfile_s01/_street_images/82952/280.street_img_view262c3a8642491c.jpg?,0.172526449960891,0.3519013878844547,2,"['미니스커트', '미니', '그레이', '하의', '회색']",0
108,2022-07-07,28.2,4.600000000000001,//image.msscdn.net/mfile_s01/_street_images/82999/280.street_img_view262c672325d870.jpg?20220707081338,-0.4668972058367607,0.5313924516432214,4,"['데님', '숏팬츠', '여성', '하의', '데님']",3
108,2022-07-12,26.8,6.199999999999999,//image.msscdn.net/mfile_s01/_street_images/83132/280.street_img_view262d50a6270701.jpg?,-0.3437636070853993,0.1312181026196594,4,"['여성', '데님스커트', '연청', '하의', '파랑색']",0
108,2022-07-13,25.0,3.1000000000000014,//image.msscdn.net/mfile_s01/_street_images/83157/280.street_img_view262cfacb40c1c4.jpg?20220713093652,0.050606324638029,0.5284757998541887,2,"['블랙', '미니스커트', '하의', '검정색']",3
108,2022-07-14,25.7,6.599999999999998,//image.msscdn.net/mfile_s01/_street_images/83189/280.street_img_view262cfa63b7ae93.jpg?20220714093357,-0.4332220807255331,0.6298417028161424,4,"['데님', '롱스커트', '하의', '데님']",0
108,2022-07-18,26.8,7.0,//image.msscdn.net/mfile_s01/_street_images/83257/280.street_img_view262d64e24d15f9.jpg?,-0.1888257286363668,0.3365220959262074,4,"['미니스커트', '패턴', '플라워', '하의', '흰색']",0
108,2022-07-19,27.4,6.800000000000001,//image.msscdn.net/mfile_s01/_street_images/83300/280.street_img_view162d6468b24192.jpg?,-0.1791046845970057,0.1002734094347426,4,"['여성', '원피스', '반소매', '그레이', '하의', '검정색', '회색']",0
108,2022-07-20,27.1,6.099999999999998,//image.msscdn.net/mfile_s01/_street_images/83315/280.street_img_view262d7a1fe6f22e.jpg?20220720075549,0.1784437585321824,0.3055585146354136,2,"['그레이', '미니스커트', '하의', '회색']",0
108,2022-07-25,27.5,8.399999999999999,//image.msscdn.net/mfile_s01/_street_images/83450/280.street_img_view262de337ac285b.jpg?,-0.3311982406144427,0.4478226712382455,4,"['여성', '데님', '미니스커트', '하의', '파랑색', '데님']",0
108,2022-07-25,27.5,8.399999999999999,//image.msscdn.net/mfile_s01/_street_images/83444/280.street_img_view262de33cec39b5.jpg?,-0.08853999923675,0.4205356656748434,2,"['여성', '블랙', '미니스커트', '하의', '검정색']",0
108,2022-07-26,28.9,8.700000000000003,//image.msscdn.net/mfile_s01/_street_images/83471/280.street_img_view262ecb53eb130a.jpg?20220726093717,-0.08853999923675,0.4205356656748434,2,"['여성', '블랙', '미니스커트', '하의', '검정색']",0
108,2022-07-27,29.3,7.0,//image.msscdn.net/mfile_s01/_street_images/83543/280.street_img_view262e0ccce3d62b.jpg?,0.1336496295998569,0.3574341210575348,2,"['베이지', '미니스커트', '하의', '베이지색']",0
108,2022-08-01,28.6,7.0,//image.msscdn.net/mfile_s01/_street_images/83614/280.street_img_view262e76928f045d.jpg?,-0.3311982406144427,0.4478226712382455,4,"['여성', '데님', '미니스커트', '하의', '파랑색', '데님']",0
108,2022-08-01,28.6,7.0,//image.msscdn.net/mfile_s01/_street_images/83584/280.street_img_view162e765ba74768.jpg?,-0.3168195772306871,0.2248747431801458,4,"['여성', '체크', '원피스', '반소매', '하의', '체크']",0
108,2022-08-02,26.8,3.0,//image.msscdn.net/mfile_s01/_street_images/83636/280.street_img_view262eb5a74860a2.jpg?,-0.093954753582494,0.428593907056562,2,"['여성', '그레이', '데님', '미니스커트', '하의', '회색', '데님']",3
108,2022-08-02,26.8,3.0,//image.msscdn.net/mfile_s01/_street_images/83625/62e86f11d77bfimg_view23.jpg?20220802092627,0.1749435425472816,0.3288719491083625,2,"['여성', '그레이', '스커트', '하의', '회색']",3
108,2022-08-03,27.1,4.800000000000001,//image.msscdn.net/mfile_s01/_street_images/83679/280.street_img_view262ea09acaf773.jpg?,-0.3311982406144427,0.4478226712382455,4,"['여성', '데님', '미니스커트', '하의', '파랑색', '데님']",3
108,2022-08-04,28.9,6.899999999999999,//image.msscdn.net/mfile_s01/_street_images/83724/280.street_img_view262eb2d6c6ad6e.jpg?,-0.3778528272185799,0.0335393900187779,4,"['여성', '핑크', '롱스커트', '하의', '분홍색']",0
108,2022-08-04,28.9,6.899999999999999,//image.msscdn.net/mfile_s01/_street_images/83723/280.street_img_view262eb3119e66dc.jpg?,-0.3842569999313934,0.1145465280715738,4,"['여성', '화이트', '미니스커트', '하의', '흰색']",0
108,2022-08-04,28.9,6.899999999999999,//image.msscdn.net/mfile_s01/_street_images/83701/280.street_img_view262eb3fba8eab3.jpg?20220804093014,-0.1798784609576346,0.6720179582323289,2,"['여성', '데님', '스커트', '하의', '데님']",0
108,2022-08-09,25.1,4.5,//image.msscdn.net/mfile_s01/_street_images/83811/280.street_img_view262f4177c33c3e.jpg?,-0.2650837307438357,0.7344910312685338,2,"['데님', '미니스커트', '하의', '데님']",3
108,2022-08-09,25.1,4.5,//image.msscdn.net/mfile_s01/_street_images/83810/280.street_img_view262f34655366c5.jpg?,-0.1708395872837321,0.2610745394334898,4,"['여성', '블랙', '테니스스커트', '하의', '검정색']",3
108,2022-08-10,24.7,7.400000000000002,//image.msscdn.net/mfile_s01/_street_images/83850/280.street_img_view262f41937b55c4.jpg?20220810092917,-0.1175320287457045,0.4238264694138355,2,"['블랙', '롱스커트', '하의', '검정색']",0
108,2022-08-16,26.7,5.899999999999999,//image.msscdn.net/mfile_s01/_street_images/83936/280.street_img_view262fc50b223a34.jpg?,0.1784437585321824,0.3055585146354136,2,"['그레이', '미니스커트', '하의', '회색']",0
108,2022-08-16,26.7,5.899999999999999,//image.msscdn.net/mfile_s01/_street_images/83911/280.street_img_view262fc7adc0f841.jpg?,-0.1942617464092223,0.5742264097886399,2,"['여성', '데님', '체크스커트', '하의', '데님', '체크']",0
108,2022-08-18,25.6,7.400000000000002,//image.msscdn.net/mfile_s01/_street_images/84031/280.street_img_view262ff2503e5c4a.jpg?,-0.5424259644981041,0.3831285054394724,4,"['여성', '연청', '데님', '하프팬츠', '하의', '파랑색', '데님']",0
108,2022-08-18,25.6,7.400000000000002,//image.msscdn.net/mfile_s01/_street_images/84005/280.street_img_view262ff32890e18a.jpg?,-0.2230434177849247,0.2012166447627866,4,"['여성', '화이트', '스커트', '하의', '흰색']",0
108,2022-08-22,26.8,7.300000000000001,//image.msscdn.net/mfile_s01/_street_images/84077/280.street_img_view263033ae54657f.jpg?,-0.3718319915096288,0.3327086724138222,4,"['여성', '블랙', '숏팬츠', '하프팬츠', '하의', '검정색']",0
108,2022-08-23,25.4,7.800000000000001,//image.msscdn.net/mfile_s01/_street_images/84126/280.street_img_view263047f24df707.jpg?,-0.2521081289583781,0.2547612394322774,4,"['카키', '롱스커트', '하의', '녹색']",0
108,2022-08-29,21.0,3.0,//image.msscdn.net/mfile_s01/_street_images/84250/280.street_img_view1630d5e9a3ca03.jpg?,-0.4773553271908366,-0.0516430169197378,4,"['여성', '핑크', '반소매', '원피스', '하의', '분홍색']",3
108,2022-08-29,21.0,3.0,//image.msscdn.net/mfile_s01/_street_images/84249/280.street_img_view2630d5eae7cc3c.jpg?,0.3632363552008821,0.3492706898201352,2,"['블랙', '스커트', '코듀로이', '하의', '검정색']",3
108,2022-08-29,21.0,3.0,//image.msscdn.net/mfile_s01/_street_images/84243/280.street_img_view2630d5f05e8b28.jpg?,0.0726735928646446,0.507205771677192,2,"['여성', '블랙', '스커트', '하의', '검정색']",3
108,2022-08-30,19.1,2.400000000000002,//image.msscdn.net/mfile_s01/_street_images/84266/280.street_img_view2630d5cc4124b0.jpg?,-0.5187676938838113,0.0308270638829179,4,"['여성', '롱스커트', '화이트', '하의', '흰색']",3
108,2022-09-06,21.0,9.3,//image.msscdn.net/mfile_s01/_street_images/84475/280.street_img_view26316af65c9192.jpg?20220907034701,-0.3311982406144427,0.4478226712382455,4,"['여성', '데님', '미니스커트', '하의', '파랑색', '데님']",8
108,2022-09-13,24.3,4.599999999999998,//image.msscdn.net/mfile_s01/_street_images/84640/280.street_img_view16320f14673a12.jpg?,-0.585877744401718,0.2702227363040769,4,"['여성', '원피스', '슬리브리스', '플로럴', '하의', '기타패턴']",3
108,2022-09-13,24.3,4.599999999999998,//image.msscdn.net/mfile_s01/_street_images/84678/280.street_img_view2631ff1966c394.jpg?,0.1414882902653762,-0.0488616955867339,0,"['브라운', '롱스커트', '하의', '갈색']",3
108,2022-09-13,24.3,4.599999999999998,//image.msscdn.net/mfile_s01/_street_images/84678/280.street_img_view3631ff19a90ec7.jpg?,0.3028877698874901,0.2071441270130345,2,"['하의', '갈색']",3
108,2022-09-14,24.6,5.199999999999999,//image.msscdn.net/mfile_s01/_street_images/84716/280.street_img_view263228bac7cdc3.jpg?,-0.2230506891081634,0.3368161991021995,4,"['여성', '롱스커트', '블랙', '하의', '검정색']",3
108,2022-09-15,25.2,6.300000000000001,//image.msscdn.net/mfile_s01/_street_images/84758/280.street_img_view26327a85a630c4.jpg?,-0.08853999923675,0.4205356656748434,2,"['여성', '블랙', '미니스커트', '하의', '검정색']",0
108,2022-09-26,20.0,10.599999999999998,//image.msscdn.net/mfile_s01/_street_images/84972/280.street_img_view2633246a8664dd.jpg?,0.050606324638029,0.5284757998541887,2,"['블랙', '미니스커트', '하의', '검정색']",8
108,2022-09-27,20.9,14.0,//image.msscdn.net/mfile_s01/_street_images/85044/280.street_img_view26333ce56ea64b.jpg?20220928120012,-0.2807047831722454,0.2143026446866144,4,"['여성', '롱스커트', '데님', '하의', '갈색', '녹색']",2
108,2022-09-29,20.4,10.1,//image.msscdn.net/mfile_s01/_street_images/85107/280.street_img_view263352be133da0.jpg?20220929151500,0.050606324638029,0.5284757998541887,2,"['블랙', '미니스커트', '하의', '검정색']",8
108,2022-10-04,17.9,8.8,//image.msscdn.net/mfile_s01/_street_images/85182/280.street_img_view2633db8ae20f32.jpg?,-0.0158344260052195,-0.0413343366059442,0,"['여성', '브라운', '롱스커트', '하의', '갈색']",8
108,2022-10-05,16.6,7.500000000000002,//image.msscdn.net/mfile_s01/_street_images/85253/280.street_img_view2633d1798e6e31.jpg?,-0.5187676802697444,0.0308270617097061,4,"['여성', '화이트', '롱스커트', '하의', '흰색']",7
108,2022-10-05,16.6,7.500000000000002,//image.msscdn.net/mfile_s01/_street_images/85250/280.street_img_view2633d182fee7a2.jpg?,0.246226511699738,0.3163227708882123,2,"['블랙', '스커트', '퀼팅', '하의', '검정색']",7
108,2022-10-06,15.8,6.400000000000002,//image.msscdn.net/mfile_s01/_street_images/85306/280.street_img_view26344f3c7cc9ef.jpg?,-0.2230434177849247,0.2012166447627866,4,"['여성', '화이트', '스커트', '하의', '흰색']",7
108,2022-10-11,11.1,8.999999999999998,//image.msscdn.net/mfile_s01/_street_images/85363/280.street_img_view263464ecc10b5d.jpg?20221012173847,0.2798898402200139,0.1290552398722454,0,"['여성', '브라운', '스커트', '하의', '갈색']",4
108,2022-10-11,11.1,8.999999999999998,//image.msscdn.net/mfile_s01/_street_images/85361/280.street_img_view263465078cf089.jpg?20221012173906,0.1638785025175657,0.4236513010563481,2,"['여성', '스커트', '레오파드', '하의', '애니멀']",4
108,2022-10-11,11.1,8.999999999999998,//image.msscdn.net/mfile_s01/_street_images/85360/280.street_img_view26346508a8a096.jpg?20221012173914,-0.0445278229574178,0.4198077857408865,2,"['여성', '블랙', '데님스커트', '하의', '검정색', '데님']",4
108,2022-10-11,11.1,8.999999999999998,//image.msscdn.net/mfile_s01/_street_images/85380/280.street_img_view263464b801e6c0.jpg?20221012173429,0.2798898402200139,0.1290552398722454,0,"['여성', '브라운', '스커트', '하의', '갈색']",4
108,2022-10-11,11.1,8.999999999999998,//image.msscdn.net/mfile_s01/_street_images/85373/280.street_img_view263464c8262356.jpg?20221012173706,-0.2143451678622109,0.3665802544635556,4,"['블랙', '숏팬츠', '여성', '하의', '검정색']",4
108,2022-10-11,11.1,8.999999999999998,//image.msscdn.net/mfile_s01/_street_images/85371/280.street_img_view263464cb0263ab.jpg?20221012173724,0.0180150414795233,0.4281572023972046,2,"['여성', '체크', '스커트', '하의', '분홍색', '체크', '기타패턴']",4
108,2022-10-12,13.5,14.1,//image.msscdn.net/mfile_s01/_street_images/85406/280.street_img_view2634ce8d99351a.jpg?20221017162200,0.0137299492877871,0.2422018270030398,2,"['여성', '그레이', '미니스커트', '하의', '회색']",2
108,2022-10-13,16.3,12.0,//image.msscdn.net/mfile_s01/_street_images/85491/280.street_img_view2634779f752755.jpg?20221013163939,0.0726735928646446,0.507205771677192,2,"['여성', '블랙', '스커트', '하의', '검정색']",2
108,2022-10-13,16.3,12.0,//image.msscdn.net/mfile_s01/_street_images/85483/280.street_img_view263477b5389631.jpg?20221013164511,-0.2230506868418291,0.3368161992699698,4,"['여성', '블랙', '롱스커트', '하의', '검정색']",2
108,2022-10-19,10.5,12.4,//image.msscdn.net/mfile_s01/_street_images/85624/280.street_img_view2634f88e1a107b.jpg?20221019172850,-0.2008985477621611,0.388439860305522,4,"['여성', '데님스커트', '하의', '데님']",2
108,2022-10-24,10.6,7.300000000000001,//image.msscdn.net/mfile_s01/_street_images/85767/280.street_img_view263570540d10fb.jpg?,0.1871689095631588,0.3899545839816629,2,"['여성', '스커트', '블랙', '레더', '하의', '검정색']",6
108,2022-10-24,10.6,7.300000000000001,//image.msscdn.net/mfile_s01/_street_images/85758/280.street_img_view26357058d61614.jpg?,0.0726735946131337,0.5072057688299436,2,"['여성', '스커트', '블랙', '하의', '검정색']",6
108,2022-10-26,12.9,9.8,//image.msscdn.net/mfile_s01/_street_images/85872/280.street_img_view26358cb1a1b5c7.jpg?,-0.0416865494223687,0.1408798489822913,4,"['화이트', '트위드', '스커트', '하의', '흰색']",4
108,2022-10-26,12.9,9.8,//image.msscdn.net/mfile_s01/_street_images/85860/280.street_img_view26358d3498ee4a.jpg?,0.340024363801821,0.0481214472161855,0,"['브라운', '미니스커트', '하의', '갈색', '베이지색']",4
108,2022-10-31,14.9,9.900000000000002,//image.msscdn.net/mfile_s01/_street_images/85953/280.street_img_view2635f5aa10a15e.jpg?,0.0191999057458184,0.324854523142248,2,"['여성', '블랙', '데님스커트', '하의', '검정색']",4
108,2022-10-31,14.9,9.900000000000002,//image.msscdn.net/mfile_s01/_street_images/85952/280.street_img_view2635f5aeb7730d.jpg?,0.119512832440663,0.4179986960910577,2,"['여성', '그레이', '스커트', '데님', '하의', '검정색', '회색']",4
108,2021-01-05,-5.5,7.800000000000001,//image.msscdn.net/mfile_s01/_street_images/67530/280.street_img_view25ff3cf1ed15f5.jpg?20210105113155,0.0950732974618932,0.3132378473739342,2,"['니트', '스커트', '하의', '흰색']",5
108,2021-01-07,-14.5,8.1,//image.msscdn.net/mfile_s01/_street_images/67605/280.street_img_view25ff673dc37b30.jpg?,0.1426286838527545,0.6235493137596672,2,"['데님', '스커트', '하의', '베이지색']",5
108,2021-01-07,-14.5,8.1,//image.msscdn.net/mfile_s01/_street_images/67602/280.street_img_view25ff68fa08eba1.jpg?20210107093155,0.3891875406922392,0.44323054286572,2,"['레더', '스커트', '하의', '검정색']",5
108,2021-01-12,-3.9,8.8,//image.msscdn.net/mfile_s01/_street_images/67688/280.street_img_view25ffd05d404cf2.jpg?,0.2676332979017052,0.4047254481317554,2,"['스커트', '버건디', '하의', '보라색']",5
108,2021-01-18,-3.8,9.3,//image.msscdn.net/mfile_s01/_street_images/67790/280.street_img_view260066cc087878.jpg?20210118082410,0.1718185206318515,0.588960302063416,2,"['스커트', '패턴', '하의', '체크']",5
108,2021-01-18,-3.8,9.3,//image.msscdn.net/mfile_s01/_street_images/67816/280.street_img_view26005175282a1a.jpg?20210118143117,0.09790725136992,0.5641564312685994,2,"['미니스커트', '체크', '하의', '체크']",5
108,2021-01-20,-0.1,13.7,//image.msscdn.net/mfile_s01/_street_images/67888/280.street_img_view26007d6bc1a71b.jpg?,0.4438735671433393,0.3423518562572801,2,"['가죽', '팬츠', '하의', '검정색']",1
108,2021-01-20,-0.1,13.7,//image.msscdn.net/mfile_s01/_street_images/67886/280.street_img_view26007c26465098.jpg?,0.3891875406922392,0.44323054286572,2,"['레더', '스커트', '하의', '검정색']",1
108,2021-01-21,4.5,4.5,//image.msscdn.net/mfile_s01/_street_images/67942/280.street_img_view26012547905583.jpg?,0.483394825832904,0.489035123002392,2,"['레더스커트', '블랙', '하의', '검정색']",6
108,2021-01-21,4.5,4.5,//image.msscdn.net/mfile_s01/_street_images/67934/280.street_img_view260090c944ee7d.jpg?,0.3351666162606164,0.465771767699362,2,"['스커트', '베이지', '하의', '베이지색']",6
108,2021-01-25,7.9,10.9,//image.msscdn.net/mfile_s01/_street_images/67987/280.street_img_view2600e3a3d95382.jpg?,0.6515751322472174,0.4426712373384791,2,"['스커트', '트임', '하의', '검정색']",1
108,2021-01-26,5.3,5.7,//image.msscdn.net/mfile_s01/_street_images/68031/280.street_img_view2600fb597d4145.jpg?,0.301100983484115,0.41300171876897,2,"['니트', '스커트', '하의', '베이지색']",6
108,2021-01-27,1.7,8.3,//image.msscdn.net/mfile_s01/_street_images/68084/280.street_img_view2601252bb0cc89.jpg?,0.0167710788271197,0.7075932795455349,2,"['스커트', '플라워', '하의', '기타패턴']",6
108,2021-02-02,-5.6,5.799999999999999,//image.msscdn.net/mfile_s01/_street_images/68250/280.street_img_view26018a638a07a2.jpg?,0.4952457642076066,0.3358339574067923,2,"['퍼티그', '팬츠', '하의', '검정색']",5
108,2021-02-03,-3.2,10.8,//image.msscdn.net/mfile_s01/_street_images/68275/280.street_img_view26020a61f4701b.jpg?,0.2069743997613515,0.7064798004967345,2,"['스커트', '미니', '하의']",1
108,2021-02-09,-0.9,10.8,//image.msscdn.net/mfile_s01/_street_images/68393/280.street_img_view26022234136df5.jpg?,-0.2301853104178939,0.1248011007599897,4,"['미니스커트', '블루', '하의', '파랑색']",1
108,2021-02-22,7.8,12.2,//image.msscdn.net/mfile_s01/_street_images/68648/280.street_img_view260330cb15fd62.jpg?20210222104601,0.3799607412465886,0.4138961501284397,2,"['스커트', '그레이', '하의', '회색']",1
108,2021-02-22,7.8,12.2,//image.msscdn.net/mfile_s01/_street_images/68654/280.street_img_view260331f3630537.jpg?,0.2994242431991337,0.6724940794247546,2,"['스커트', '체크', '하의', '체크']",1
108,2021-02-22,7.8,12.2,//image.msscdn.net/mfile_s01/_street_images/68652/280.street_img_view260330820a63fe.jpg?,0.2402987575485403,0.4262322984186704,2,"['스커트', '레오파드', '하의', '녹색', '애니멀']",1
108,2021-02-23,0.0,7.4,//image.msscdn.net/mfile_s01/_street_images/68722/280.street_img_view2603dbc7422083.jpg?20210302131906,0.2994242431991337,0.6724940794247546,2,"['스커트', '체크', '하의', '체크']",6
108,2021-02-23,0.0,7.4,//image.msscdn.net/mfile_s01/_street_images/68714/280.street_img_view2603471f5d77a8.jpg?,-0.0635667449249007,0.8428286736302626,2,"['데님', '스커트', '하의', '데님']",6
108,2021-03-03,4.4,11.1,//image.msscdn.net/mfile_s01/_street_images/68922/280.street_img_view26040510ce1f0e.jpg?20210304121723,0.3409775862151865,0.4243061699461694,2,"['플레어', '스커트', '하의', '검정색']",1
108,2021-03-03,4.4,11.1,//image.msscdn.net/mfile_s01/_street_images/68927/280.street_img_view2603ee59181857.jpg?,0.6463356232669135,0.3459584252887742,2,"['스커트', '울', '하의', '체크']",1
108,2021-03-10,8.8,15.400000000000002,//image.msscdn.net/mfile_s01/_street_images/69132/280.street_img_view26048319384548.jpg?20210310114253,0.1324532450921662,0.061314723059546,0,"['키르시', '스커트', '하의', '카모']",2
108,2021-03-11,10.2,12.400000000000002,//image.msscdn.net/mfile_s01/_street_images/69192/280.street_img_view1604b2ca4a2cd0.jpg?,-0.1175229395596645,0.2543270226572672,4,"['스커트', '화이트', '하의', '흰색']",2
108,2021-03-11,10.2,12.400000000000002,//image.msscdn.net/mfile_s01/_street_images/69184/280.street_img_view2604eb5ddbd7ee.jpg?,0.1690940305730816,0.2321422014755642,2,"['스커트', '플레어', '하의', '흰색']",2
108,2021-03-16,8.4,8.2,//image.msscdn.net/mfile_s01/_street_images/69259/280.street_img_view26052c7948a329.jpg?,0.4925413516092563,0.2274125179227198,2,"['스커트', '레이어드', '하의', '회색']",6
108,2021-03-16,8.4,8.2,//image.msscdn.net/mfile_s01/_street_images/69260/280.street_img_view260503a6ccf1a2.jpg?,0.3351666162606164,0.465771767699362,2,"['스커트', '베이지', '하의', '베이지색']",6
108,2021-03-22,6.2,10.0,//image.msscdn.net/mfile_s01/_street_images/69448/280.street_img_view2605ac8263b603.jpg?20210322091557,0.3351666162606164,0.465771767699362,2,"['스커트', '베이지', '하의', '베이지색']",1
108,2021-03-22,6.2,10.0,//image.msscdn.net/mfile_s01/_street_images/69443/280.street_img_view260597c396d6f6.jpg?20210323142927,0.3979019078619268,0.3031854598968794,2,"['스커트', '플레어', '하의', '회색']",1
108,2021-03-22,6.2,10.0,//image.msscdn.net/mfile_s01/_street_images/69425/280.street_img_view26057ff40ef0a1.jpg?,0.3891875406922392,0.44323054286572,2,"['레더', '스커트', '하의', '검정색']",1
108,2021-03-29,10.2,7.3,//image.msscdn.net/mfile_s01/_street_images/69651/280.street_img_view26062d97c9edfa.jpg?20210330165638,0.3799607412465886,0.4138961501284397,2,"['스커트', '그레이', '하의', '회색']",6
108,2021-03-30,10.8,14.1,//image.msscdn.net/mfile_s01/_street_images/69709/280.street_img_view2606c0c0ac4762.jpg?,0.5667417423558619,-0.187805302343374,0,"['워커', '브라운', '하의', '갈색']",2
108,2021-03-31,14.5,17.0,//image.msscdn.net/mfile_s01/_street_images/69759/280.street_img_view26063f79525f44.jpg?,0.252123311210114,0.6368134418314174,2,"['스커트', '블랙', '하의', '검정색']",2
108,2021-04-06,13.9,9.8,//image.msscdn.net/mfile_s01/_street_images/69920/280.street_img_view2606bf3a2b2eae.jpg?20210406092458,0.3409775862151865,0.4243061699461694,2,"['플레어', '스커트', '하의', '검정색']",4
108,2021-04-07,14.1,12.3,//image.msscdn.net/mfile_s01/_street_images/69943/280.street_img_view26073ddaab7394.jpg?,0.3661967994939717,0.239375842634064,2,"['코듀로이', '팬츠', '하의', '빨간색']",2
108,2021-04-07,14.1,12.3,//image.msscdn.net/mfile_s01/_street_images/69952/280.street_img_view2606e94257b8ac.jpg?20210408142751,0.187265514154951,0.3979584064366987,2,"['스커트', '슬릿', '하의', '검정색']",2
108,2021-04-12,13.8,5.9,//image.msscdn.net/mfile_s01/_street_images/70050/280.street_img_view2607e6f2362f2b.jpg?,0.4581928057713032,0.3776664344386445,2,"['비대칭', '스커트', '하의', '갈색']",7
108,2021-04-12,13.8,5.9,//image.msscdn.net/mfile_s01/_street_images/70056/280.street_img_view26075283ac300b.jpg?,0.3661294629027025,0.532370349409975,2,"['스커트', '레오파드', '하의', '애니멀']",7
108,2021-04-12,13.8,5.9,//image.msscdn.net/mfile_s01/_street_images/70098/280.street_img_view26075024c847a5.jpg?,-0.0740417807085741,0.0956689109146143,4,"['슬랙스', '아이보리', '하의', '베이지색']",7
108,2021-04-12,13.8,5.9,//image.msscdn.net/mfile_s01/_street_images/70079/280.street_img_view26075061d4da92.jpg?20210412115050,0.2994242431991337,0.6724940794247546,2,"['스커트', '체크', '하의', '체크']",7
108,2021-04-14,8.4,10.2,//image.msscdn.net/mfile_s01/_street_images/70158/280.street_img_view260764b9d25873.jpg?20210414081334,0.1778616233869032,0.3276804891884397,2,"['데님스커트', '그레이', '하의', '회색', '데님']",4
108,2021-04-21,19.1,17.9,//image.msscdn.net/mfile_s01/_street_images/70391/280.street_img_view2607f910d7318c.jpg?20210421114335,0.0479455422840541,0.5285768199754586,2,"['스커트', '패치', '하의', '검정색', '녹색', '데님']",2
108,2021-04-22,20.9,11.4,//image.msscdn.net/mfile_s01/_street_images/70457/280.street_img_view26080daaa3fef3.jpg?,0.3661294629027025,0.532370349409975,2,"['스커트', '레오파드', '하의', '애니멀']",8
108,2021-04-22,20.9,11.4,//image.msscdn.net/mfile_s01/_street_images/70449/280.street_img_view26080e1d1460f6.jpg?,0.3799607412465886,0.4138961501284397,2,"['스커트', '그레이', '하의', '회색']",8
108,2021-04-24,18.3,6.899999999999999,//image.msscdn.net/mfile_s01/_street_images/70926/280.street_img_view2609b8faa243ee.jpg?20210512172045,0.2994242431991337,0.6724940794247546,2,"['스커트', '체크', '하의', '체크']",7
108,2021-04-26,16.2,8.3,//image.msscdn.net/mfile_s01/_street_images/70522/280.street_img_view26086148a2bc8d.jpg?,0.3799607412465886,0.4138961501284397,2,"['스커트', '그레이', '하의', '회색']",7
108,2021-04-27,15.4,7.5,//image.msscdn.net/mfile_s01/_street_images/70571/280.street_img_view26088e5c1498ec.jpg?20210428135424,0.2994242431991337,0.6724940794247546,2,"['스커트', '체크', '하의', '체크']",7
108,2021-04-28,14.5,7.0,//image.msscdn.net/mfile_s01/_street_images/70635/280.street_img_view2608f8f85574bf.jpg?,0.1336496295998569,0.3574341210575348,2,"['미니스커트', '베이지', '하의', '베이지색']",7
108,2021-04-28,14.5,7.0,//image.msscdn.net/mfile_s01/_street_images/70645/280.street_img_view2608a4987de2fb.jpg?20210429145254,-0.0635667449249007,0.8428286736302626,2,"['스커트', '데님', '하의', '데님']",7
108,2021-04-28,14.5,7.0,//image.msscdn.net/mfile_s01/_street_images/70620/280.street_img_view26088b42ad28c0.jpg?,0.3500865825276513,0.5185101049453175,2,"['스커트', '체크', '하의', '회색', '체크']",7
108,2021-04-28,14.5,7.0,//image.msscdn.net/mfile_s01/_street_images/70619/280.street_img_view26088b507f1856.jpg?,0.334531531816138,0.5010575337742544,2,"['스커트', '파이톤', '하의', '검정색']",7
108,2021-04-29,14.6,9.2,//image.msscdn.net/mfile_s01/_street_images/70666/280.street_img_view2608a25a2e6e33.jpg?,-0.0286683256540544,0.2331387438524344,4,"['스커트', '블루', '하의', '파랑색']",4
108,2021-05-03,14.1,11.9,//image.msscdn.net/mfile_s01/_street_images/70750/280.street_img_view2608f672f1fbf9.jpg?20210503090305,0.0002839119759515,0.2381209264308173,2,"['테니스', '스커트', '하의', '흰색']",2
108,2021-05-06,15.7,15.2,//image.msscdn.net/mfile_s01/_street_images/70843/280.street_img_view260a6084b1dc8d.jpg?20210506081124,0.1845349351460629,0.2824407266527912,2,"['니트', '스커트', '하의', '베이지색', '파랑색']",2
108,2021-05-12,22.0,10.8,//image.msscdn.net/mfile_s01/_street_images/70944/280.street_img_view2609cd2278076f.jpg?,0.4275340192559415,0.374970441429935,2,"['스커트', '플리츠', '하의', '검정색']",8
108,2021-05-12,22.0,10.8,//image.msscdn.net/mfile_s01/_street_images/70947/280.street_img_view2609b814469a38.jpg?,-0.1136774603897013,0.6307605037059073,2,"['스커트', '플로럴', '하의', '기타패턴']",8
108,2021-05-12,22.0,10.8,//image.msscdn.net/mfile_s01/_street_images/70973/280.street_img_view2609b40643b9a4.jpg?20210512095038,-0.1175229395596645,0.2543270226572672,4,"['스커트', '화이트', '하의', '흰색']",8
108,2021-05-12,22.0,10.8,//image.msscdn.net/mfile_s01/_street_images/70971/280.street_img_view2609b438ecba75.jpg?20210512094125,0.252123311210114,0.6368134418314174,2,"['스커트', '블랙', '하의', '검정색']",8
108,2021-05-13,22.9,13.0,//image.msscdn.net/mfile_s01/_street_images/70998/280.street_img_view260a1fe8121f96.jpg?,0.3661967994939717,0.239375842634064,2,"['코듀로이', '팬츠', '하의', '빨간색']",2
108,2021-05-17,15.3,2.5,//image.msscdn.net/mfile_s01/_street_images/71042/280.street_img_view260a1df3f56d01.jpg?20210517122027,0.3891875406922392,0.44323054286572,2,"['레더', '스커트', '하의', '검정색']",3
108,2021-05-17,15.3,2.5,//image.msscdn.net/mfile_s01/_street_images/71047/280.street_img_view260a1d9cac44de.jpg?,-0.1175229395596645,0.2543270226572672,4,"['스커트', '화이트', '하의', '흰색']",3
108,2021-05-17,15.3,2.5,//image.msscdn.net/mfile_s01/_street_images/71068/280.street_img_view160a1c7ecc11fd.jpg?20210517103505,-0.4797521800753472,0.003873068999758,4,"['원피스', '화이트', '하의', '흰색']",3
108,2021-05-19,19.9,14.2,//image.msscdn.net/mfile_s01/_street_images/71131/280.street_img_view160ab39e84151e.jpg?,0.1124585874416703,0.3704252163985807,2,"['스커트', '퍼플', '하의', '보라색', '체크']",2
108,2021-05-20,18.7,7.299999999999999,//image.msscdn.net/mfile_s01/_street_images/71143/280.street_img_view260ac5542505d8.jpg?,-0.1175229395596645,0.2543270226572672,4,"['스커트', '화이트', '하의', '흰색']",7
108,2021-05-24,19.4,8.100000000000001,//image.msscdn.net/mfile_s01/_street_images/71223/280.street_img_view260ab6c311fe9c.jpg?20210524093117,0.3661294629027025,0.532370349409975,2,"['스커트', '레오파드', '하의', '애니멀']",7
108,2021-05-24,19.4,8.100000000000001,//image.msscdn.net/mfile_s01/_street_images/71191/280.street_img_view260ab181022669.jpg?20210524155419,0.252123311210114,0.6368134418314174,2,"['스커트', '블랙', '하의', '검정색']",7
108,2021-05-24,19.4,8.100000000000001,//image.msscdn.net/mfile_s01/_street_images/71222/280.street_img_view260ab06a4283fe.jpg?20210524155452,0.0755916619174895,0.5060143244721461,2,"['데님스커트', '블랙', '하의', '검정색', '데님']",7
108,2021-05-27,15.8,4.799999999999999,//image.msscdn.net/mfile_s01/_street_images/71393/280.street_img_view260af0ecb3dcfb.jpg?20210527093613,0.1245452656144521,0.3497954581538719,2,"['벨벳', '스커트', '하의', '검정색']",7
108,2021-06-01,20.2,7.999999999999998,//image.msscdn.net/mfile_s01/_street_images/71483/280.street_img_view260b5cc4c56f25.jpg?20210601145802,-0.057971250466982,0.1031758954374836,4,"['스커트', '아디다스', '하의', '흰색', '검정색']",7
108,2021-06-02,23.2,13.099999999999998,//image.msscdn.net/mfile_s01/_street_images/71554/280.street_img_view260bdaa84ac47d.jpg?20210602093513,0.3661294629027025,0.532370349409975,2,"['스커트', '레오파드', '하의', '애니멀']",2
108,2021-06-02,23.2,13.099999999999998,//image.msscdn.net/mfile_s01/_street_images/71529/280.street_img_view260b6eac72936f.jpg?,0.252123311210114,0.6368134418314174,2,"['스커트', '블랙', '하의', '검정색']",2
108,2021-06-02,23.2,13.099999999999998,//image.msscdn.net/mfile_s01/_street_images/71544/280.street_img_view260b6cc8b9d7e2.jpg?,0.3891875406922392,0.44323054286572,2,"['스커트', '레더', '하의', '검정색']",2
108,2021-06-05,20.8,8.7,//image.msscdn.net/mfile_s01/_street_images/71882/280.street_img_view260c6c643af61f.jpg?,-0.0522031365190844,0.3825696647875019,2,"['슬랙스', '블랙', '하의', '검정색']",8
108,2021-06-08,23.6,10.7,//image.msscdn.net/mfile_s01/_street_images/71718/280.street_img_view260c6e830bea3a.jpg?20210608095417,0.0586206268976389,0.2577174475466834,2,"['스커트', '핑크', '하의', '분홍색']",8
108,2021-06-09,25.8,12.1,//image.msscdn.net/mfile_s01/_street_images/71769/280.street_img_view260c02d24ead5a.jpg?,0.183193547197537,0.4900346123020181,2,"['스커트', '체크', '하의', '파랑색', '체크']",8
108,2021-06-15,22.5,3.8000000000000007,//image.msscdn.net/mfile_s01/_street_images/71935/280.street_img_view260c980cbb19de.jpg?,-0.1773526772815493,0.2572709469290447,4,"['스커트', '주름', '하의', '흰색']",3
108,2021-06-16,24.3,8.599999999999998,//image.msscdn.net/mfile_s01/_street_images/71962/280.street_img_view260cc4a20ae720.jpg?,-0.208118011857678,0.5005190240017148,4,"['스커트', '타이다이', '하의', '기타패턴']",8
108,2021-06-16,24.3,8.599999999999998,//image.msscdn.net/mfile_s01/_street_images/71965/280.street_img_view260c95ff5ab24c.jpg?,-0.2273249605909232,0.5141522763483981,4,"['숏팬츠', '데님', '하의', '회색', '데님']",8
108,2021-06-17,21.9,5.399999999999999,//image.msscdn.net/mfile_s01/_street_images/72024/280.street_img_view260cc41694b05f.jpg?20210617093525,-0.1175229395596645,0.2543270226572672,4,"['스커트', '화이트', '하의', '흰색']",7
108,2021-06-17,21.9,5.399999999999999,//image.msscdn.net/mfile_s01/_street_images/72028/280.street_img_view260caa50f4241f.jpg?20210617094719,-0.208118011857678,0.5005190240017148,4,"['스커트', '타이다이', '하의', '기타패턴']",7
108,2021-06-17,21.9,5.399999999999999,//image.msscdn.net/mfile_s01/_street_images/72026/280.street_img_view260caa7fb5295d.jpg?20210617094027,0.0141543381669082,0.7516743514212959,2,"['스커트', '데님', '하의', '검정색', '데님']",7
108,2021-06-22,22.8,8.900000000000002,//image.msscdn.net/mfile_s01/_street_images/72136/280.street_img_view260d1813a422a6.jpg?20210622152115,0.0327276706701381,0.3807740852083663,2,"['스커트', '네이비', '하의', '파랑색']",8
108,2021-06-24,23.0,9.5,//image.msscdn.net/mfile_s01/_street_images/72284/280.street_img_view260d53ea5d8363.jpg?20210624094404,-0.0635667449249007,0.8428286736302626,2,"['스커트', '데님', '하의', '데님']",8
108,2021-06-28,23.7,8.2,//image.msscdn.net/mfile_s01/_street_images/72334/280.street_img_view260d98a1688f60.jpg?,0.252123311210114,0.6368134418314174,2,"['스커트', '블랙', '하의', '검정색']",8
108,2021-06-28,23.7,8.2,//image.msscdn.net/mfile_s01/_street_images/72330/280.street_img_view160d98b1e3312d.jpg?20210628174320,0.2994242431991337,0.6724940794247546,2,"['스커트', '체크', '하의', '체크']",8
108,2021-06-28,23.7,8.2,//image.msscdn.net/mfile_s01/_street_images/72352/280.street_img_view260d983f149514.jpg?20210628092233,-0.1175229395596645,0.2543270226572672,4,"['스커트', '화이트', '하의', '흰색']",8
108,2021-07-05,23.3,6.799999999999997,//image.msscdn.net/mfile_s01/_street_images/72561/280.street_img_view260e28a3221adb.jpg?,0.1336496295998569,0.3574341210575348,2,"['미니스커트', '베이지', '하의', '베이지색']",7
108,2020-04-14,13.0,12.000000000000002,//image.msscdn.net/mfile_s01/_street_images/60497/280.street_img_view25e956d1dafa10.jpg?20200819100822,0.1876705624166497,0.3348929087508343,2,"['레더', '미니스커트', '하의', '검정색']",2
108,2020-05-28,18.7,9.2,//image.msscdn.net/mfile_s01/_street_images/61471/280.street_img_view25ecf564d7ccf5.jpg?20200819102353,-0.1262425585701846,0.2605023938282055,4,"['크랭크', '스커트', '하의', '흰색']",8
108,2020-06-10,25.8,9.6,//image.msscdn.net/mfile_s01/_street_images/61751/280.street_img_view25ee1a1b94c677.jpg?20200819102852,-0.6997695928749416,0.1012053881064261,4,"['롱스커트', '코튼', '하의', '녹색']",8
108,2020-06-11,26.1,9.900000000000002,//image.msscdn.net/mfile_s01/_street_images/61774/280.street_img_view15ee1c422b669f.jpg?20200819102925,-0.4084751928963054,0.2443753857731035,4,"['스커트', '타이다이', '하의', '파랑색', '기타컬러']",8
108,2020-06-11,26.1,9.900000000000002,//image.msscdn.net/mfile_s01/_street_images/61768/280.street_img_view15ee1bc710eae9.jpg?20200819102916,-0.1420094842008373,0.4658430724313404,2,"['미니스커트', '플라워', '하의', '노란색', '기타패턴']",8
108,2020-06-11,26.1,9.900000000000002,//image.msscdn.net/mfile_s01/_street_images/61763/280.street_img_view25ee1a8b1c5641.jpg?20200819102908,0.2364904682094957,0.626624119975352,2,"['스커트', '미니', '하의', '검정색']",8
108,2020-07-06,25.6,9.099999999999998,//image.msscdn.net/mfile_s01/_street_images/62304/280.street_img_view25f05526a1d553.jpg?,-0.6227642551329946,-0.1368639642342874,3,"['반바지', '하의', '흰색']",8
108,2020-07-14,20.3,7.100000000000001,//image.msscdn.net/mfile_s01/_street_images/62534/280.street_img_view15f15554c9b06b.jpg?20200720172629,-0.0275453151509517,0.4581395755769687,2,"['스커트', '시스루', '블랙', '하의', '검정색']",7
108,2020-07-14,20.3,7.100000000000001,//image.msscdn.net/mfile_s01/_street_images/62509/280.street_img_view25f0d51ff8b6e7.jpg?,-0.1798784589009588,0.6720179604963387,2,"['여성', '스커트', '데님', '하의', '데님']",7
108,2020-07-14,20.3,7.100000000000001,//image.msscdn.net/mfile_s01/_street_images/62517/280.street_img_view25f0d490e9cc45.jpg?,-0.1633589631423468,0.5396519202521185,2,"['페이즐리', '스커트', '하의', '기타패턴']",7
108,2020-07-14,20.3,7.100000000000001,//image.msscdn.net/mfile_s01/_street_images/62514/280.street_img_view15f0d4cabdab53.jpg?,-0.0466482089506452,0.3430023803350186,2,"['여성', '미니스커트', '체크', '하의', '보라색', '체크']",7
108,2020-07-14,20.3,7.100000000000001,//image.msscdn.net/mfile_s01/_street_images/62525/280.street_img_view15f0d4246dcc41.jpg?,-0.2466014067373336,-0.1161498781774353,4,"['아디다스', '트랙팬츠', '블랙', '하의', '흰색', '검정색']",7
108,2020-07-14,20.3,7.100000000000001,//image.msscdn.net/mfile_s01/_street_images/62530/280.street_img_view25f0d3c3b178d6.jpg?,-0.5676469792550187,0.3487625023254684,4,"['여성', '부츠컷', '데님', '하의', '데님']",7
108,2020-07-15,23.4,9.8,//image.msscdn.net/mfile_s01/_street_images/62551/280.street_img_view25f0eba3b69e0c.jpg?,-0.3445649881597171,-0.1128768242733566,4,"['로스코', '카모', '팬츠', '하의', '카모']",8
108,2020-07-15,23.4,9.8,//image.msscdn.net/mfile_s01/_street_images/62559/280.street_img_view15f0eb16915ffe.jpg?,-0.2349196463937783,-0.0244458012135502,4,"['팬츠', '카모', '하의', '카모']",8
108,2020-07-15,23.4,9.8,//image.msscdn.net/mfile_s01/_street_images/62558/280.street_img_view15f0eb38ad22fa.jpg?,-0.1798784609576346,0.6720179582323289,2,"['여성', '데님', '스커트', '하의', '데님']",8
108,2020-07-15,23.4,9.8,//image.msscdn.net/mfile_s01/_street_images/62565/280.street_img_view25f0ea812a3cfd.jpg?,0.1018262764369516,0.3400607933303853,2,"['스커트', '블루', '체크', '하의', '파랑색', '체크']",8
108,2020-07-16,25.0,9.3,//image.msscdn.net/mfile_s01/_street_images/62576/280.street_img_view35f169e16a2462.jpg?,-0.2521619037003079,0.1974712634776437,4,"['팬츠', '화이트', '하의', '흰색']",8
108,2020-07-16,25.0,9.3,//image.msscdn.net/mfile_s01/_street_images/62594/280.street_img_view15f0fc71fd5f79.jpg?20200716171318,-0.4029235167053683,0.4559127101872091,4,"['데님', '롱스커트', '하의', '파랑색', '데님']",8
108,2020-07-20,23.8,4.200000000000003,//image.msscdn.net/mfile_s01/_street_images/62645/280.street_img_view25f169ad89043b.jpg?,0.1718185206318515,0.588960302063416,2,"['스커트', '패턴', '하의', '체크']",3
108,2020-07-22,23.7,3.099999999999998,//image.msscdn.net/mfile_s01/_street_images/62735/280.street_img_view25f18fb04da16d.jpg?,0.0982246198039171,-0.0492978423050913,0,"['조거팬츠', '브라운', '하의', '베이지색']",3
108,2020-07-22,23.7,3.099999999999998,//image.msscdn.net/mfile_s01/_street_images/62743/280.street_img_view25f17ebd442064.jpg?,-0.3243822632780126,0.5602726122363427,4,"['데님', '와이드', '팬츠', '하의', '데님']",3
108,2020-07-27,24.3,2.6000000000000014,//image.msscdn.net/mfile_s01/_street_images/62828/280.street_img_view25f1e6484686ec.jpg?20200727140849,0.1086522910771322,0.3969061861625131,2,"['스커트', '하의', '흰색', '검정색']",3
108,2020-07-27,24.3,2.6000000000000014,//image.msscdn.net/mfile_s01/_street_images/62836/280.street_img_view35f1e6ea079063.jpg?,-0.7121898708989809,0.3800885056749975,4,"['데님팬츠', '연청', '하의', '데님']",3
108,2020-07-28,24.4,3.6999999999999993,//image.msscdn.net/mfile_s01/_street_images/62941/280.street_img_view25f20cf6cba740.jpg?,-0.3929480839592538,0.0973814365974427,4,"['부츠컷', '팬츠', '하의', '보라색']",3
108,2020-07-30,25.3,5.0,//image.msscdn.net/mfile_s01/_street_images/62996/280.street_img_view25f221c4884e6f.jpg?,-0.0677816614567247,0.2696972004703972,4,"['슬랙스', '팬츠', '하의', '회색']",3
108,2020-08-02,24.9,2.8999999999999986,//image.msscdn.net/mfile_s01/_street_images/63047/280.street_img_view25f2b6e65388e6.jpg?,-0.1002806830430162,0.0324099571140909,4,"['카모', '스커트', '하의', '카모']",3
108,2020-08-03,25.0,2.400000000000002,//image.msscdn.net/mfile_s01/_street_images/63068/280.street_img_view25f2b6f3322fe2.jpg?,-0.2521619037003079,0.1974712634776437,4,"['화이트', '팬츠', '하의', '흰색']",3
108,2020-08-03,25.0,2.400000000000002,//image.msscdn.net/mfile_s01/_street_images/63084/280.street_img_view25f27596464c5d.jpg?,0.1127424333061248,0.5935797980372312,2,"['스커트', '미니스커트', '하의', '검정색']",3
108,2020-08-03,25.0,2.400000000000002,//image.msscdn.net/mfile_s01/_street_images/63081/280.street_img_view15f276c80b0a1b.jpg?,-0.0635667449249007,0.8428286736302626,2,"['데님', '스커트', '하의', '데님']",3
108,2020-08-06,24.1,3.1000000000000014,//image.msscdn.net/mfile_s01/_street_images/63220/280.street_img_view25f2d084e00772.jpg?,-0.0553959174004482,0.4889304658454629,2,"['스커트', '롱스커트', '하의', '검정색']",3
108,2020-08-10,26.5,4.800000000000001,//image.msscdn.net/mfile_s01/_street_images/63285/280.street_img_view25f30b7e32df60.jpg?,0.252123311210114,0.6368134418314174,2,"['스커트', '블랙', '하의', '검정색']",3
108,2020-08-10,26.5,4.800000000000001,//image.msscdn.net/mfile_s01/_street_images/63270/280.street_img_view25f30ba9743082.jpg?,-0.4785887816547683,0.6509134547304051,4,"['데님', '쇼츠', '하의', '데님']",3
108,2020-08-11,24.6,4.900000000000002,//image.msscdn.net/mfile_s01/_street_images/63329/280.street_img_view15f3231017e258.jpg?,-0.1175320287457045,0.4238264694138355,2,"['롱스커트', '블랙', '하의', '검정색']",3
108,2020-08-11,24.6,4.900000000000002,//image.msscdn.net/mfile_s01/_street_images/63316/280.street_img_view25f3236965672d.jpg?,-0.0589172949326639,0.4841385901720338,2,"['스키니진', '블랙', '하의', '검정색']",3
108,2020-08-11,24.6,4.900000000000002,//image.msscdn.net/mfile_s01/_street_images/63313/280.street_img_view25f3247f4c7c09.jpg?,0.1236241203456714,0.4645471387855657,2,"['팬츠', '데님', '그레이', '하의', '회색']",3
108,2020-08-12,27.2,7.800000000000001,//image.msscdn.net/mfile_s01/_street_images/63364/280.street_img_view15f34ab5126370.jpg?,-0.3883513612992904,0.1088844101137946,4,"['롱스커트', '절개', '하의', '검정색']",0
108,2020-08-13,28.0,4.0,//image.msscdn.net/mfile_s01/_street_images/63399/280.street_img_view25f34a8ff0af6a.jpg?,-0.6288176587722057,0.023015979871561,3,"['시스루', '롱스커트', '하의', '흰색']",3
108,2020-08-16,27.4,5.5,//image.msscdn.net/mfile_s01/_street_images/63433/280.street_img_view25f3f8a3e6a8e6.jpg?20200817011946,-0.4223401889225796,0.6670467783179046,4,"['숏팬츠', '데님', '하의', '데님']",0
108,2020-08-18,27.5,7.899999999999999,//image.msscdn.net/mfile_s01/_street_images/63442/280.street_img_view25f3ccc306e312.jpg?,-0.2075802076889108,0.2375500149621317,4,"['슬랙스', '와이드', '블랙', '하의', '검정색']",0
108,2020-08-18,27.5,7.899999999999999,//image.msscdn.net/mfile_s01/_street_images/63453/280.street_img_view25f3b3141056f2.jpg?,-0.4842059483056306,-0.0397339939939487,4,"['슬랙스', '와이드', '하의', '흰색']",0
108,2020-08-18,27.5,7.899999999999999,//image.msscdn.net/mfile_s01/_street_images/63459/280.street_img_view15f3b2fe6cda62.jpg?,0.2368741167526835,0.38058848348827,2,"['하의', '베이지색']",0
108,2020-08-18,27.5,7.899999999999999,//image.msscdn.net/mfile_s01/_street_images/63462/280.street_img_view25f3b2eb055127.jpg?,-0.0635667449249007,0.8428286736302626,2,"['스커트', '데님', '하의', '데님']",0
108,2020-08-18,27.5,7.899999999999999,//image.msscdn.net/mfile_s01/_street_images/63470/280.street_img_view25f3b2829e052f.jpg?,-0.1297637921059837,0.5317741151234455,2,"['패턴', '팬츠', '하의', '기타패턴']",0
108,2020-08-19,27.1,7.799999999999997,//image.msscdn.net/mfile_s01/_street_images/63481/280.street_img_view25f3c83ba0f364.jpg?,0.0297663662052122,0.4393399328841755,2,"['스커트', '슬릿', '하의', '기타패턴']",0
108,2020-08-19,27.1,7.799999999999997,//image.msscdn.net/mfile_s01/_street_images/63486/280.street_img_view25f3cc88a04a87.jpg?,-0.088227661202313,0.4817801834793018,2,"['카키', '데님', '하의', '녹색']",0
108,2020-08-19,27.1,7.799999999999997,//image.msscdn.net/mfile_s01/_street_images/63495/280.street_img_view25f3c7d846ff9b.jpg?,0.511143629819434,0.1641252771354308,2,"['스커트', '브라운', '하의', '갈색']",0
108,2020-08-24,27.8,8.3,//image.msscdn.net/mfile_s01/_street_images/63631/280.street_img_view25f4c6f062f90f.jpg?20200824123507,-0.7068147810340872,0.3547410658478889,4,"['데님팬츠', '숏팬츠', '하의', '데님']",0
108,2020-08-24,27.8,8.3,//image.msscdn.net/mfile_s01/_street_images/63609/280.street_img_view25f4377fed77d5.jpg?,-0.2236834060046039,0.1867186072354265,4,"['스커트', '롱스커트', '플레어스커트', '여성', '하의', '베이지색']",0
108,2020-08-24,27.8,8.3,//image.msscdn.net/mfile_s01/_street_images/63616/280.street_img_view25f43753373fe9.jpg?,-0.3357667323761326,0.0664515053298675,4,"['팬츠', '와이드팬츠', '10부팬츠', '여성', '하의', '검정색']",0
108,2020-08-25,29.9,8.5,//image.msscdn.net/mfile_s01/_street_images/63667/280.street_img_view25f4da616e1085.jpg?,-0.1136743072078014,0.2627353470800653,4,"['와이드팬츠', '블랙', '하의', '검정색']",0
108,2020-08-25,29.9,8.5,//image.msscdn.net/mfile_s01/_street_images/63649/280.street_img_view25f4c836e53ace.jpg?,-0.1136743072078014,0.2627353470800653,4,"['와이드팬츠', '블랙', '하의', '검정색']",0
108,2020-08-25,29.9,8.5,//image.msscdn.net/mfile_s01/_street_images/63658/280.street_img_view25f448235b8160.jpg?20200825092220,-0.0522031365190844,0.3825696647875019,2,"['슬랙스', '블랙', '하의', '검정색']",0
108,2020-08-26,30.2,7.5,//image.msscdn.net/mfile_s01/_street_images/63717/280.street_img_view25f45b2be4409e.jpg?,-0.0344887194746886,0.2527847952657361,4,"['롱스커트', '베이지', '하의', '베이지색']",0
108,2020-08-27,27.1,3.0,//image.msscdn.net/mfile_s01/_street_images/63763/280.street_img_view25f47266e3d3dc.jpg?,-0.3190399256416872,0.1459893841163091,4,"['미니스커트', '화이트', '하의', '흰색']",3
108,2020-08-27,27.1,3.0,//image.msscdn.net/mfile_s01/_street_images/63762/280.street_img_view25f4719b935212.jpg?,0.252123311210114,0.6368134418314174,2,"['스커트', '블랙', '하의', '검정색']",3
108,2020-08-27,27.1,3.0,//image.msscdn.net/mfile_s01/_street_images/63774/280.street_img_view25f47106651872.jpg?,-0.4762963801084575,0.0785451352581871,4,"['숏팬츠', '화이트', '하의', '흰색']",3
108,2020-08-27,27.1,3.0,//image.msscdn.net/mfile_s01/_street_images/63786/280.street_img_view25f4729c29fbd9.jpg?20200827115130,0.0273208910416521,0.3731031419002085,2,"['블랙', '스커트', '절개', '하의', '검정색']",3
108,2020-08-31,26.4,6.199999999999999,//image.msscdn.net/mfile_s01/_street_images/63847/280.street_img_view25f4c6460cd692.jpg?,-0.1175229395596645,0.2543270226572672,4,"['스커트', '화이트', '하의', '흰색']",0
108,2020-09-02,24.3,3.799999999999997,//image.msscdn.net/mfile_s01/_street_images/63942/280.street_img_view25f4f424b3561b.jpg?,-0.039654832823334,0.3263566748952519,2,"['스커트', '체크', '하의', '분홍색', '스프라이트']",3
108,2020-09-02,24.3,3.799999999999997,//image.msscdn.net/mfile_s01/_street_images/63953/280.street_img_view25f4f3f71d5a57.jpg?20200902114730,-0.3190399256416872,0.1459893841163091,4,"['미니스커트', '화이트', '하의', '흰색']",3
108,2020-09-03,22.7,5.600000000000001,//image.msscdn.net/mfile_s01/_street_images/63959/280.street_img_view25f50979829c2d.jpg?,0.0048751700846937,0.5886298684166219,2,"['스커트', '패턴', '하의', '기타패턴']",7
108,2020-09-03,22.7,5.600000000000001,//image.msscdn.net/mfile_s01/_street_images/63985/280.street_img_view25f50949789ad9.jpg?,0.3891875406922392,0.44323054286572,2,"['레더', '스커트', '하의', '검정색']",7
108,2020-09-03,22.7,5.600000000000001,//image.msscdn.net/mfile_s01/_street_images/63985/280.street_img_view35f5094c410571.jpg?,-0.0491784060592329,0.0835753940042628,4,"['부츠', '롱부츠', '하의', '검정색']",7
108,2020-09-07,19.2,3.1000000000000014,//image.msscdn.net/mfile_s01/_street_images/64073/280.street_img_view25f559f2099eb9.jpg?,0.4406150475133316,0.428456960347865,2,"['스커트', '플레어', '하의', '빨간색']",3
108,2020-09-07,19.2,3.1000000000000014,//image.msscdn.net/mfile_s01/_street_images/64077/280.street_img_view25f55964f55d41.jpg?,0.252123311210114,0.6368134418314174,2,"['스커트', '블랙', '하의', '검정색']",3
108,2020-09-09,21.1,6.300000000000001,//image.msscdn.net/mfile_s01/_street_images/64174/280.street_img_view15f5879c5e4ee7.jpg?,-0.4223401889225796,0.6670467783179046,4,"['숏팬츠', '데님', '하의', '데님']",7
108,2020-09-09,21.1,6.300000000000001,//image.msscdn.net/mfile_s01/_street_images/64168/280.street_img_view25f5874946e376.jpg?,0.3799607412465886,0.4138961501284397,2,"['스커트', '그레이', '하의', '회색']",7
108,2020-09-09,21.1,6.300000000000001,//image.msscdn.net/mfile_s01/_street_images/64186/280.street_img_view25f58797860137.jpg?20200909111912,0.252123311210114,0.6368134418314174,2,"['스커트', '블랙', '하의', '검정색']",7
108,2020-09-10,22.8,8.2,//image.msscdn.net/mfile_s01/_street_images/64226/280.street_img_view25f599b70c3195.jpg?,0.3351666162606164,0.465771767699362,2,"['스커트', '베이지', '하의', '베이지색']",8
108,2020-09-14,21.3,7.299999999999997,//image.msscdn.net/mfile_s01/_street_images/64293/280.street_img_view25f5f08d148688.jpg?20200914100117,-0.0522031365190844,0.3825696647875019,2,"['슬랙스', '블랙', '하의', '검정색']",7
108,2020-09-16,22.5,3.599999999999998,//image.msscdn.net/mfile_s01/_street_images/64403/280.street_img_view25f6175c942a25.jpg?20200916110702,0.3661294629027025,0.532370349409975,2,"['레오파드', '스커트', '하의', '애니멀']",3
108,2020-09-21,19.1,11.7,//image.msscdn.net/mfile_s01/_street_images/64494/280.street_img_view15f68045a6790d.jpg?,0.2994242431991337,0.6724940794247545,2,"['스커트', '체크', '하의', '체크']",2
108,2020-09-23,19.2,8.600000000000001,//image.msscdn.net/mfile_s01/_street_images/64580/280.street_img_view25f6c02b340d28.jpg?,0.2994242431991337,0.6724940794247546,2,"['스커트', '체크', '하의', '체크']",8
108,2020-09-23,19.2,8.600000000000001,//image.msscdn.net/mfile_s01/_street_images/64578/280.street_img_view25f6adca3386cc.jpg?,0.1890646594201274,0.6867736373989717,2,"['스커트', '팬츠', '하의', '체크']",8
108,2020-09-23,19.2,8.600000000000001,//image.msscdn.net/mfile_s01/_street_images/64615/280.street_img_view25f6ab21158aad.jpg?20200923110805,0.3979019078619268,0.3031854598968794,2,"['스커트', '플레어', '하의', '회색']",8
108,2020-09-24,20.6,8.599999999999998,//image.msscdn.net/mfile_s01/_street_images/64651/280.street_img_view25f6bf8e18e61b.jpg?,-0.1175229395596645,0.2543270226572672,4,"['스커트', '화이트', '하의', '흰색']",8
108,2020-10-05,13.3,9.9,//image.msscdn.net/mfile_s01/_street_images/64805/280.street_img_view25f7a7f8ce6c03.jpg?,-0.1071992450912411,0.6263022800594163,2,"['데님', '스커트', '하의', '파랑색', '데님']",4
108,2020-10-05,13.3,9.9,//image.msscdn.net/mfile_s01/_street_images/64814/280.street_img_view25f7a881111421.jpg?,-0.2219403940693896,0.6783622474799906,2,"['스커트', '연청', '하의', '데님']",4
108,2020-10-06,14.2,10.4,//image.msscdn.net/mfile_s01/_street_images/64843/280.street_img_view25f7c0a3834a90.jpg?,-0.1175229395596645,0.2543270226572672,4,"['스커트', '화이트', '하의', '흰색']",4
108,2020-10-07,16.0,12.1,//image.msscdn.net/mfile_s01/_street_images/64927/280.street_img_view25f83b9f46197d.jpg?20201007092838,0.252123311210114,0.6368134418314174,2,"['스커트', '블랙', '하의', '검정색']",2
108,2020-10-12,16.2,9.2,//image.msscdn.net/mfile_s01/_street_images/65019/280.street_img_view25f8418471391b.jpg?,0.252123311210114,0.6368134418314174,2,"['스커트', '블랙', '하의', '검정색']",4
108,2020-10-13,13.6,9.8,//image.msscdn.net/mfile_s01/_street_images/65096/280.street_img_view25f87abe4ba54d.jpg?20201013105031,-0.0635667449249007,0.8428286736302626,2,"['스커트', '데님', '하의', '데님']",4
108,2020-10-13,13.6,9.8,//image.msscdn.net/mfile_s01/_street_images/65088/280.street_img_view25f84f6f55cce9.jpg?,-0.0286683256540544,0.2331387438524344,4,"['스커트', '블루', '하의', '파랑색']",4
108,2020-10-13,13.6,9.8,//image.msscdn.net/mfile_s01/_street_images/65086/280.street_img_view25f84f9863a5e2.jpg?,0.3799607412465886,0.4138961501284397,2,"['스커트', '그레이', '하의', '회색']",4
108,2020-10-15,11.7,12.0,//image.msscdn.net/mfile_s01/_street_images/65177/280.street_img_view25f87a46c301eb.jpg?,0.252123311210114,0.6368134418314174,2,"['스커트', '블랙', '하의', '검정색']",2
108,2020-10-20,15.2,11.8,//image.msscdn.net/mfile_s01/_street_images/65312/280.street_img_view15f8e9ed98d10b.jpg?,0.7586856636008333,0.0906326043883531,1,"['재킷', '블레이저', '하의', '검정색']",2
108,2020-10-20,15.2,11.8,//image.msscdn.net/mfile_s01/_street_images/65302/280.street_img_view25f8ea1a00d569.jpg?,0.3910418446522948,0.5567887014051156,2,"['스커트', '비대칭', '하의', '검정색']",2
108,2020-10-20,15.2,11.8,//image.msscdn.net/mfile_s01/_street_images/65298/280.street_img_view25f8e54e4be385.jpg?,0.1175472096855853,0.4677482112457137,2,"['스커트', '카키', '하의', '녹색']",2
108,2020-10-22,13.5,9.8,//image.msscdn.net/mfile_s01/_street_images/65473/280.street_img_view25f90f34ed4bce.jpg?20201022102607,0.252123311210114,0.6368134418314174,2,"['스커트', '블랙', '하의', '검정색']",4
108,2020-10-27,14.0,10.4,//image.msscdn.net/mfile_s01/_street_images/65574/280.street_img_view25f977188932f8.jpg?,0.1437018648479583,0.3143828674863019,2,"['스커트', '옐로우', '하의', '노란색']",4
108,2020-10-29,10.8,10.6,//image.msscdn.net/mfile_s01/_street_images/65709/280.street_img_view25f9a1b81a3ac4.jpg?,0.511143629819434,0.1641252771354308,2,"['스커트', '브라운', '하의', '갈색']",4
108,2020-10-29,10.8,10.6,//image.msscdn.net/mfile_s01/_street_images/65701/280.street_img_view25f9a21d4d8531.jpg?,0.4275340192559415,0.374970441429935,2,"['스커트', '플리츠', '하의', '검정색']",4
108,2020-11-03,5.1,5.9,//image.msscdn.net/mfile_s01/_street_images/65825/280.street_img_view25fa100947d63d.jpg?20201103063449,0.3351666162606164,0.465771767699362,2,"['스커트', '베이지', '하의', '베이지색']",6
108,2020-11-05,9.6,12.5,//image.msscdn.net/mfile_s01/_street_images/65956/280.street_img_view25fa3a1f318472.jpg?,0.1718185206318515,0.588960302063416,2,"['스커트', '패턴', '하의', '체크']",2
108,2020-11-09,5.5,8.200000000000001,//image.msscdn.net/mfile_s01/_street_images/66032/280.street_img_view25faa32e532ef1.jpg?,0.4563385045623027,0.2641082657211086,2,"['스커트', '레더', '하의', '갈색']",6
108,2020-11-10,7.7,9.4,//image.msscdn.net/mfile_s01/_street_images/66059/280.street_img_view35faa21001f54f.jpg?,0.411632065124157,0.3600098755771864,2,"['스커트', '레오파드', '하의', '갈색', '애니멀']",4
108,2020-11-11,9.3,13.0,//image.msscdn.net/mfile_s01/_street_images/66158/280.street_img_view25fab7a3ed512d.jpg?,0.345040843404259,0.1792094436576082,2,"['스커트', '플리츠', '하의', '베이지색', '분홍색']",2
108,2020-11-16,12.4,10.8,//image.msscdn.net/mfile_s01/_street_images/66235/280.street_img_view25fb1e290d6c0e.jpg?,0.5644047885877197,0.4172544477274223,2,"['스커트', '프린지', '하의', '검정색']",4
108,2020-11-16,12.4,10.8,//image.msscdn.net/mfile_s01/_street_images/66229/280.street_img_view25fb1d6ce08d17.jpg?,0.3661294629027025,0.532370349409975,2,"['스커트', '레오파드', '하의', '애니멀']",4
108,2020-11-18,16.6,3.899999999999999,//image.msscdn.net/mfile_s01/_street_images/66326/280.street_img_view25fb491230def7.jpg?,0.1175472096855853,0.4677482112457137,2,"['스커트', '카키', '하의', '녹색']",3
108,2020-11-25,4.6,9.5,//image.msscdn.net/mfile_s01/_street_images/66527/280.street_img_view25fbe0c076a276.jpg?,0.252123311210114,0.6368134418314174,2,"['스커트', '블랙', '하의', '검정색']",1
108,2020-12-02,2.4,5.6,//image.msscdn.net/mfile_s01/_street_images/66720/280.street_img_view25fc6d7602ab0a.jpg?,0.3891875406922392,0.44323054286572,2,"['스커트', '레더', '하의', '검정색']",6
108,2020-12-03,0.7,6.5,//image.msscdn.net/mfile_s01/_street_images/66745/280.street_img_view25fc876c88b9fe.jpg?,0.3891875406922392,0.44323054286572,2,"['스커트', '레더', '하의', '검정색']",6
108,2020-12-03,0.7,6.5,//image.msscdn.net/mfile_s01/_street_images/66734/280.street_img_view25fc878e301835.jpg?,0.4814779862402343,0.2420812087083386,2,"['스커트', '브라운', '하의', '갈색', '체크']",6
108,2020-12-07,3.4,7.0,//image.msscdn.net/mfile_s01/_street_images/66795/280.street_img_view25fe166d4eab99.jpg?,0.3661294629027025,0.532370349409975,2,"['스커트', '레오파드', '하의', '애니멀']",6
108,2020-12-17,-4.9,11.9,//image.msscdn.net/mfile_s01/_street_images/67120/280.street_img_view25fdadbee0f8c4.jpg?,0.3799607412465886,0.4138961501284397,2,"['스커트', '그레이', '하의', '회색']",1
108,2020-12-28,6.7,7.2,//image.msscdn.net/mfile_s01/_street_images/67343/280.street_img_view25fe935cb7ff95.jpg?20201228095355,0.3661294629027025,0.532370349409975,2,"['스커트', '레오파드', '하의', '애니멀']",6
108,2020-12-29,0.1,10.5,//image.msscdn.net/mfile_s01/_street_images/67372/280.street_img_view25fea9793ea605.jpg?,0.252123311210114,0.6368134418314174,2,"['스커트', '블랙', '하의', '검정색']",1
108,2020-12-30,-10.9,6.7,//image.msscdn.net/mfile_s01/_street_images/67407/280.street_img_view25fec140b6e2a7.jpg?,0.6645054108577045,0.4331194937882129,2,"['스커트', '레드', '하의', '빨간색']",5
